file;model;color;look;type;gallery;status
"RAY_8515.jpg";"Veículo";"Não aplicável";"Veículo no cenário do ensaio";"editorial";"";"Fora da apresentação de vestuário"
"RAY_8519.jpg";"Polo de outra construção";"Oliva";"Polo e short oliva";"frente";"";"Reservada: construção/acabamento distintos da família Essential"
"RAY_8522.jpg";"Polo de outra construção";"Oliva";"Polo e short oliva";"frente";"";"Reservada: construção/acabamento distintos da família Essential"
"RAY_8524.jpg";"Polo de outra construção";"Oliva";"Polo e short oliva";"lateral";"";"Reservada: construção/acabamento distintos da família Essential"
"RAY_8527.jpg";"Polo de outra construção";"Oliva";"Polo e short oliva";"lateral";"";"Reservada: construção/acabamento distintos da família Essential"
"RAY_8529.jpg";"Polo de outra construção";"Oliva";"Polo e short oliva";"detalhe";"";"Reservada: construção/acabamento distintos da família Essential"
"RAY_8532.jpg";"Polo de outra construção";"Oliva";"Polo e short oliva";"frente";"";"Reservada: construção/acabamento distintos da família Essential"
"RAY_8540.jpg";"Polo de outra construção";"Oliva";"Polo e short oliva";"costas";"";"Reservada: construção/acabamento distintos da família Essential"
"RAY_8546.jpg";"Polo de outra construção";"Creme; 8546 monocromática";"Polo e short claros";"editorial";"";"Reservada: construção/acabamento distintos da família Essential"
"RAY_8549.jpg";"Polo de outra construção";"Creme; 8546 monocromática";"Polo e short claros";"frente";"";"Reservada: construção/acabamento distintos da família Essential"
"RAY_8553.jpg";"Polo de outra construção";"Creme; 8546 monocromática";"Polo e short claros";"frente";"";"Reservada: construção/acabamento distintos da família Essential"
"RAY_8556.jpg";"Polo de outra construção";"Creme; 8546 monocromática";"Polo e short claros";"frente";"";"Reservada: construção/acabamento distintos da família Essential"
"RAY_8557.jpg";"Polo de outra construção";"Creme; 8546 monocromática";"Polo e short claros";"detalhe";"";"Reservada: construção/acabamento distintos da família Essential"
"RAY_8559.jpg";"Polo de outra construção";"Branca";"Polo e short brancos";"frente";"";"Reservada: look diferente da polo branca com calça clara"
"RAY_8566.jpg";"Polo de outra construção";"Branca";"Polo e short brancos";"detalhe";"";"Reservada: look diferente da polo branca com calça clara"
"RAY_8570.jpg";"Polo de outra construção";"Branca";"Polo e short brancos";"detalhe";"";"Reservada: look diferente da polo branca com calça clara"
"RAY_8574.jpg";"Polo de outra construção";"Branca";"Polo e short brancos";"detalhe";"";"Reservada: look diferente da polo branca com calça clara"
"RAY_8578.jpg";"Camiseta lisa";"Preta";"Camiseta e short pretos sem punhos contrastantes";"frente";"";"Reservada: não é Camiseta Contrast"
"RAY_8580.jpg";"Camiseta lisa";"Preta";"Camiseta e short pretos sem punhos contrastantes";"frente";"";"Reservada: não é Camiseta Contrast"
"RAY_8584.jpg";"Camiseta lisa";"Preta";"Camiseta e short pretos sem punhos contrastantes";"detalhe";"";"Reservada: não é Camiseta Contrast"
"RAY_8590.jpg";"Camiseta de acabamento claro";"Bege";"Camiseta com gola/punhos claros e short branco";"frente";"";"Reservada: acabamento diferente da Contrast areia"
"RAY_8592.jpg";"Camiseta de acabamento claro";"Bege";"Camiseta com gola/punhos claros e short branco";"lateral";"";"Reservada: acabamento diferente da Contrast areia"
"RAY_8598.jpg";"Camiseta de acabamento claro";"Bege";"Camiseta com gola/punhos claros e short branco";"detalhe";"";"Reservada: acabamento diferente da Contrast areia"
"RAY_8602.jpg";"Camiseta de acabamento claro";"Bege";"Camiseta com gola/punhos claros e short branco";"detalhe";"";"Reservada: acabamento diferente da Contrast areia"
"RAY_8604.jpg";"Camiseta de acabamento claro";"Bege";"Camiseta com gola/punhos claros e short branco";"costas";"";"Reservada: acabamento diferente da Contrast areia"
"RAY_8607.jpg";"Camiseta Contrast";"Preta";"Camiseta preta com acabamento contrastante claro e bermuda bege";"frente";"/colecao/camiseta-contrast/preta";"Incluída após inspeção visual"
"RAY_8613.jpg";"Camiseta Contrast";"Preta";"Camiseta preta com acabamento contrastante claro e bermuda bege";"frente";"/colecao/camiseta-contrast/preta";"Incluída após inspeção visual"
"RAY_8616.jpg";"Camiseta Contrast";"Preta";"Camiseta preta com acabamento contrastante claro e bermuda bege";"principal";"/colecao/camiseta-contrast/preta";"Incluída após inspeção visual"
"RAY_8623.jpg";"Camiseta Contrast";"Branca";"Camiseta branca com acabamento contrastante escuro e bermuda preta";"principal";"/colecao/camiseta-contrast/branca";"Incluída após inspeção visual"
"RAY_8631.jpg";"Camiseta Contrast";"Branca";"Camiseta branca com acabamento contrastante escuro e bermuda preta";"frente";"/colecao/camiseta-contrast/branca";"Incluída após inspeção visual"
"RAY_8634.jpg";"Camiseta Contrast";"Branca";"Camiseta branca com acabamento contrastante escuro e bermuda preta";"costas";"/colecao/camiseta-contrast/branca";"Incluída após inspeção visual"
"RAY_8641.jpg";"Camiseta Contrast";"Areia";"Camiseta areia com acabamento contrastante e bermuda clara";"principal";"/colecao/camiseta-contrast/areia";"Incluída após inspeção visual"
"RAY_8646.jpg";"Camiseta Contrast";"Areia";"Camiseta areia com acabamento contrastante e bermuda clara";"frente";"/colecao/camiseta-contrast/areia";"Incluída após inspeção visual"
"RAY_8649.jpg";"Camiseta Contrast";"Areia";"Camiseta areia com acabamento contrastante e bermuda clara";"detalhe";"/colecao/camiseta-contrast/areia";"Incluída após inspeção visual"
"RAY_8654.jpg";"Polo e short";"Verde-escuro";"Polo verde-escura e short marrom";"frente";"/colecao/polo-short/verde";"Incluída após inspeção visual"
"RAY_8656.jpg";"Polo e short";"Verde-escuro";"Polo verde-escura e short marrom";"frente";"/colecao/polo-short/verde";"Incluída após inspeção visual"
"RAY_8658.jpg";"Polo e short";"Verde-escuro";"Polo verde-escura e short marrom";"principal";"/colecao/polo-short/verde";"Incluída após inspeção visual"
"RAY_8664.jpg";"Polo e short";"Verde-escuro";"Polo verde-escura e short marrom";"detalhe";"/colecao/polo-short/verde";"Incluída após inspeção visual"
"RAY_8668.jpg";"Polo e short";"Verde-escuro";"Polo verde-escura e short marrom";"frente";"/colecao/polo-short/verde";"Incluída após inspeção visual"
"RAY_8676.jpg";"Veículo";"Não aplicável";"Veículo no cenário do ensaio";"editorial";"";"Fora da apresentação de vestuário"
"RAY_8682.jpg";"Polo e short";"Verde-escuro";"Polo verde-escura e short marrom";"editorial";"/colecao/polo-short/verde";"Incluída após inspeção visual"
"RAY_8689.jpg";"Polo em composição monocromática";"Não verificável na foto";"Modelo dentro do veículo";"editorial";"";"Reservada: cor não verificável nesta imagem isolada"
"RAY_8693.jpg";"Polo e short";"Amarelo-claro";"Polo amarelo-claro e bermuda bege";"editorial";"/colecao/polo-short/amarelo-claro";"Incluída após inspeção visual"
"RAY_8699.jpg";"Polo e short";"Amarelo-claro";"Polo amarelo-claro e bermuda bege";"principal";"/colecao/polo-short/amarelo-claro";"Incluída após inspeção visual"
"RAY_8706.jpg";"Polo e short";"Amarelo-claro";"Polo amarelo-claro e bermuda bege";"detalhe";"/colecao/polo-short/amarelo-claro";"Incluída após inspeção visual"
"RAY_8709.jpg";"Polo e short";"Amarelo-claro";"Polo amarelo-claro e bermuda bege";"detalhe";"/colecao/polo-short/amarelo-claro";"Incluída após inspeção visual"
"RAY_8712.jpg";"Polo e short";"Amarelo-claro";"Polo amarelo-claro e bermuda bege";"costas";"/colecao/polo-short/amarelo-claro";"Incluída após inspeção visual"
"RAY_8714.jpg";"Polo e short";"Amarelo-claro";"Polo amarelo-claro e bermuda bege";"costas";"/colecao/polo-short/amarelo-claro";"Incluída após inspeção visual"
"RAY_8716.jpg";"Polo e short";"Cinza";"Polo cinza e bermuda preta";"principal";"/colecao/polo-short/cinza";"Incluída após inspeção visual"
"RAY_8718.jpg";"Polo e short";"Cinza";"Polo cinza e bermuda preta";"frente";"/colecao/polo-short/cinza";"Incluída após inspeção visual"
"RAY_8722.jpg";"Polo e short";"Cinza";"Polo cinza e bermuda preta";"detalhe";"/colecao/polo-short/cinza";"Incluída após inspeção visual"
"RAY_8726.jpg";"Polo e short";"Cinza";"Polo cinza e bermuda preta";"frente";"/colecao/polo-short/cinza";"Incluída após inspeção visual"
"RAY_8730.jpg";"Polo Essential";"Branco";"Polo branca e calça clara";"principal";"/colecao/polo-essential/branco";"Incluída após inspeção visual"
"RAY_8736.jpg";"Polo Essential";"Branco";"Polo branca e calça clara";"frente";"/colecao/polo-essential/branco";"Incluída após inspeção visual"
"RAY_8738.jpg";"Polo Essential";"Branco";"Polo branca e calça clara";"detalhe";"/colecao/polo-essential/branco";"Incluída após inspeção visual"
"RAY_8741.jpg";"Polo Essential";"Branco";"Polo branca e calça clara";"costas";"/colecao/polo-essential/branco";"Incluída após inspeção visual"
"RAY_8745.jpg";"Polo Essential";"Branco";"Polo branca e calça clara";"frente";"/colecao/polo-essential/branco";"Incluída após inspeção visual"
"RAY_8757.jpg";"Polo Essential";"Vinho";"Polo vinho e calça marrom";"editorial";"/colecao/polo-essential/vinho";"Incluída após inspeção visual"
"RAY_8762.jpg";"Polo Essential";"Vinho";"Polo vinho e calça marrom";"frente";"/colecao/polo-essential/vinho";"Incluída após inspeção visual"
"RAY_8767.jpg";"Polo Essential";"Vinho";"Polo vinho e calça marrom";"principal";"/colecao/polo-essential/vinho";"Incluída após inspeção visual"
"RAY_8775.jpg";"Polo e short";"Azul-claro";"Polo azul-claro e bermuda branca";"editorial";"/colecao/polo-short/azul-claro";"Incluída após inspeção visual"
"RAY_8778.jpg";"Polo e short";"Azul-claro";"Polo azul-claro e bermuda branca";"editorial";"/colecao/polo-short/azul-claro";"Incluída após inspeção visual"
"RAY_8780.jpg";"Polo e short";"Azul-claro";"Polo azul-claro e bermuda branca";"frente";"/colecao/polo-short/azul-claro";"Incluída após inspeção visual"
"RAY_8786.jpg";"Polo e short";"Azul-claro";"Polo azul-claro e bermuda branca";"principal";"/colecao/polo-short/azul-claro";"Incluída após inspeção visual"
"RAY_8789.jpg";"Polo e short";"Azul-claro";"Polo azul-claro e bermuda branca";"frente";"/colecao/polo-short/azul-claro";"Incluída após inspeção visual"
"RAY_8798.jpg";"Polo e short";"Azul-claro";"Polo azul-claro e bermuda branca";"detalhe";"/colecao/polo-short/azul-claro";"Incluída após inspeção visual"
"RAY_8800.jpg";"Polo e short";"Azul-claro";"Polo azul-claro e bermuda branca";"costas";"/colecao/polo-short/azul-claro";"Incluída após inspeção visual"
"RAY_8802.jpg";"Polo Essential";"Marrom";"Polo marrom e calça bege";"frente";"/colecao/polo-essential/marrom";"Incluída após inspeção visual"
"RAY_8808.jpg";"Polo Essential";"Marrom";"Polo marrom e calça bege";"lateral";"/colecao/polo-essential/marrom";"Incluída após inspeção visual"
"RAY_8811.jpg";"Polo Essential";"Marrom";"Polo marrom e calça bege";"frente";"/colecao/polo-essential/marrom";"Incluída após inspeção visual"
"RAY_8813.jpg";"Polo Essential";"Marrom";"Polo marrom e calça bege";"principal";"/colecao/polo-essential/marrom";"Incluída após inspeção visual"
"RAY_8829.jpg";"Camisa clara";"Clara";"Camisa de botões e calça clara";"frente";"/colecao/camisa-clara";"Galeria existente preservada"
"RAY_8832.jpg";"Camisa clara";"Clara";"Camisa de botões e calça clara";"principal";"/colecao/camisa-clara";"Galeria existente preservada"
"RAY_8839.jpg";"Camisa clara em composição monocromática";"Monocromática";"Camisa de botões e calça clara";"editorial";"";"Reservada: preservar galeria existente sem acrescentar material não solicitado"
"RAY_8851.jpg";"Camisa de botões em outro look";"Clara";"Camisa clara e bermuda preta";"frente";"";"Reservada: look diferente de camisa clara com calça clara"
"RAY_8873.jpg";"Camisa de botões em outro look";"Clara";"Camisa clara e bermuda preta";"frente";"";"Reservada: look diferente de camisa clara com calça clara"
"RAY_8876.jpg";"Camisa de botões em outro look";"Clara";"Camisa clara e bermuda preta";"detalhe";"";"Reservada: look diferente de camisa clara com calça clara"
"RAY_8882.jpg";"Camiseta e bermuda";"Branca / bege";"Camiseta branca lisa e bermuda bege";"principal";"/colecao/camiseta-bermuda";"Galeria existente preservada"
"RAY_8895.jpg";"Camiseta e bermuda";"Branca / bege";"Camiseta branca lisa e bermuda bege";"frente";"/colecao/camiseta-bermuda";"Galeria existente preservada"
"RAY_8898.jpg";"Camiseta e bermuda";"Branca / bege";"Camiseta branca lisa e bermuda bege";"costas";"/colecao/camiseta-bermuda";"Galeria existente preservada"
"RAY_8900.jpg";"Camiseta e bermuda";"Branca / bege";"Camiseta branca lisa e bermuda bege";"detalhe";"/colecao/camiseta-bermuda";"Galeria existente preservada"
"RAY_8906.jpg";"Camiseta e bermuda";"Branca / bege";"Camiseta branca lisa e bermuda bege";"frente";"/colecao/camiseta-bermuda";"Galeria existente preservada"
"RAY_8913.jpg";"Dry Fit";"Branco";"Camiseta Dry Fit e short branco";"frente";"/colecao/branco";"Fora do escopo; Dry Fit preservado"
"RAY_8924.jpg";"Dry Fit";"Branco";"Camiseta Dry Fit e short branco";"detalhe";"/colecao/branco";"Fora do escopo; Dry Fit preservado"
"RAY_8930.jpg";"Dry Fit";"Branco";"Camiseta Dry Fit e short branco";"frente";"/colecao/branco";"Fora do escopo; Dry Fit preservado"
"RAY_8934.jpg";"Dry Fit";"Branco";"Camiseta Dry Fit e short branco";"frente";"/colecao/branco";"Fora do escopo; Dry Fit preservado"
"RAY_8943.jpg";"Dry Fit";"Branco";"Camiseta Dry Fit e short branco";"detalhe";"/colecao/branco";"Fora do escopo; Dry Fit preservado"
"RAY_8945.jpg";"Dry Fit";"Branco";"Camiseta Dry Fit e short branco";"detalhe";"/colecao/branco";"Fora do escopo; Dry Fit preservado"
"RAY_8951.jpg";"Dry Fit";"Branco";"Camiseta Dry Fit e short branco";"detalhe";"/colecao/branco";"Fora do escopo; Dry Fit preservado"
"RAY_8954.jpg";"Dry Fit";"Branco";"Camiseta Dry Fit e short branco";"frente";"/colecao/branco";"Fora do escopo; Dry Fit preservado"
"RAY_8958.jpg";"Dry Fit";"Branco";"Camiseta Dry Fit e short branco";"costas";"/colecao/branco";"Fora do escopo; Dry Fit preservado"
"RAY_8966.jpg";"Dry Fit";"Verde";"Camiseta Dry Fit e short verde";"principal";"/colecao/verde";"Fora do escopo; Dry Fit preservado"
"RAY_8976.jpg";"Dry Fit";"Verde";"Camiseta Dry Fit e short verde";"frente";"/colecao/verde";"Fora do escopo; Dry Fit preservado"
"RAY_8982.jpg";"Dry Fit";"Verde";"Camiseta Dry Fit e short verde";"detalhe";"/colecao/verde";"Fora do escopo; Dry Fit preservado"
"RAY_8983.jpg";"Dry Fit";"Verde";"Camiseta Dry Fit e short verde";"detalhe";"/colecao/verde";"Fora do escopo; Dry Fit preservado"
"RAY_9005.jpg";"Dry Fit";"Verde";"Camiseta Dry Fit e short verde";"frente";"/colecao/verde";"Fora do escopo; Dry Fit preservado"
"RAY_9016.jpg";"Dry Fit";"Verde";"Camiseta Dry Fit e short verde";"frente";"/colecao/verde";"Fora do escopo; Dry Fit preservado"
"RAY_9023.jpg";"Dry Fit";"Azul; 9023 monocromática";"Camiseta Dry Fit e short azul";"editorial";"/colecao/azul";"Fora do escopo; Dry Fit preservado"
"RAY_9029.jpg";"Dry Fit";"Azul; 9023 monocromática";"Camiseta Dry Fit e short azul";"principal";"/colecao/azul";"Fora do escopo; Dry Fit preservado"
"RAY_9041.jpg";"Dry Fit";"Azul; 9023 monocromática";"Camiseta Dry Fit e short azul";"detalhe";"/colecao/azul";"Fora do escopo; Dry Fit preservado"
"RAY_9046.jpg";"Dry Fit";"Azul; 9023 monocromática";"Camiseta Dry Fit e short azul";"lateral";"/colecao/azul";"Fora do escopo; Dry Fit preservado"
"RAY_9052.jpg";"Dry Fit";"Azul; 9023 monocromática";"Camiseta Dry Fit e short azul";"costas";"/colecao/azul";"Fora do escopo; Dry Fit preservado"
"RAY_9077.jpg";"Dry Fit";"Azul; 9023 monocromática";"Camiseta Dry Fit e short azul";"frente";"/colecao/azul";"Fora do escopo; Dry Fit preservado"
"RAY_9085.jpg";"Dry Fit";"Preto";"Camiseta Dry Fit e short preto";"frente";"/colecao/preto";"Fora do escopo; Dry Fit preservado"
"RAY_9087.jpg";"Dry Fit";"Preto";"Camiseta Dry Fit e short preto";"frente";"/colecao/preto";"Fora do escopo; Dry Fit preservado"
"RAY_9090.jpg";"Dry Fit";"Preto";"Camiseta Dry Fit e short preto";"detalhe";"/colecao/preto";"Fora do escopo; Dry Fit preservado"
"RAY_9093.jpg";"Dry Fit";"Preto";"Camiseta Dry Fit e short preto";"frente";"/colecao/preto";"Fora do escopo; Dry Fit preservado"
"RAY_9094.jpg";"Dry Fit";"Preto";"Camiseta Dry Fit e short preto";"detalhe";"/colecao/preto";"Fora do escopo; Dry Fit preservado"
"RAY_9097.jpg";"Dry Fit";"Preto";"Camiseta Dry Fit e short preto";"principal";"/colecao/preto";"Fora do escopo; Dry Fit preservado"
"RAY_9101.jpg";"Dry Fit";"Preto";"Camiseta Dry Fit e short preto";"detalhe";"/colecao/preto";"Fora do escopo; Dry Fit preservado"